Frame,Visibility,X,Y,theta,l
000000,0,0,0,0,0
000001,0,0,0,0,0
000002,0,0,0,0,0
000003,0,0,0,0,0
000004,0,0,0,0,0
000005,0,0,0,0,0
000006,0,0,0,0,0
000007,0,0,0,0,0
000008,1,1046.02,296.73,0,0
000009,1,1045.67,295.67,0,0
000010,1,1046.37,297.67,0,0
000011,1,1045.78,301.09,0,0
000012,1,1045.08,302.27,0,0
000013,1,1044.02,304.98,0,0
000014,1,1043.31,308.16,0,0
000015,1,1042.37,311.94,0,0
000016,1,1040.48,316.18,0,0
000017,1,1040.95,320.42,0,0
000018,1,1040.71,324.31,0,0
000019,1,1039.18,331.62,0,0
000020,1,1037.89,337.52,0,0
000021,1,1036.12,344.24,0,0
000022,1,1035.29,350.72,0,0
000023,1,1029.49,357.185,141.60677720000388,2.181771069567147
000024,1,1016.96,363.21500000000003,144.84953435632718,2.666200480083975
000025,1,1000.975,369.74,149.8659090916579,2.191124140709494
000026,1,984.12,376.64,154.94238458169698,4.250000000000026
000027,1,970.02,382.56,0,0
000028,1,956.44,389.02,150.01836063115056,1.800999722376441
000029,1,940.8199999999999,397.03999999999996,159.30454926593643,2.8862432329933596
000030,1,928.76,404.42,157.8336541779177,3.498571136907186
000031,1,912.76,414.03999999999996,132.87890360333873,4.585193561890264
000032,1,896.9000000000001,424.1,153.83843355798115,3.8103543142337872
000033,1,884.54,426.20000000000005,-163.17859010995906,2.6953292934259294
000034,1,871.04,421.94,-157.93210043758964,4.7909915466425135
000035,1,860.36,418.70000000000005,-164.74488129694217,2.7364210202379176
000036,1,848.4200000000001,415.03999999999996,-160.11483488614434,2.998799759903949
000037,1,836.5999999999999,412.28,-170.537677791975,1.8248287590894743
000038,1,823.88,410.53999999999996,-167.00538320808354,3.2019993753903244
000039,1,811.5799999999999,408.20000000000005,-168.27488798483503,3.247768464653852
000040,1,798.74,406.94,-175.68397248013423,3.1890437438204025
000041,1,786.98,406.58,180.0,2.819999999999993
000042,1,778.24,405.04,180.0,2.8799999999999955
000043,1,762.8,406.03999999999996,173.51692630710323,2.6569907790581846
000044,1,752.06,405.86,176.47854662307768,3.907377637239619
000045,1,738.02,406.94,180.0,3.180000000000007
000046,1,727.94,409.76,167.82854179141262,3.1303673905789413
000047,1,714.8599999999999,411.44,161.56505117707835,2.8460498941515238
000048,1,702.56,413.72,171.7028550301635,2.910463880552427
000049,1,689.45,416.9,146.79342968491073,3.2867156859089497
000050,1,677.54,420.74,156.21796957677873,3.8684880767555887
000051,1,665.38,424.9,148.44861505168626,4.013277961965716
000052,1,653.6,429.8,153.434948822922,3.6224301235496696
000053,1,640.94,435.44,155.40988283380406,3.893070767402021
000054,1,628.8199999999999,440.48,149.67639313745028,3.6840195439220986
000055,1,617.54,446.6,153.82471001824047,3.944515179334474
000056,1,604.7,454.46,136.60600298928233,4.541409472839914
000057,1,591.44,461.72,132.04922089099438,4.120825160086278
000058,1,578.8,470.56,139.39870535499523,4.42538133950055
000059,1,566.84,479.9,143.13010235415598,4.200000000000017
000060,1,554.36,481.76,-159.64677085193136,3.9677197481677293
000061,1,544.46,477.2,-154.02560603756874,2.602921435618035
000062,1,534.3199999999999,472.28,-148.8150253412615,2.665107877741575
000063,1,523.64,469.22,-162.12130340415857,3.9087593939765903
000064,1,514.3399999999999,466.15999999999997,-159.30454926593643,2.8862432329933596
000065,1,504.62,462.98,-168.90627698844227,3.118268750444709
000066,1,494.8,463.29999999999995,-163.90918365114777,3.24721419065636
000067,1,484.4,461.24,-176.099506257618,2.6461292485440087
000068,1,474.44,461.3,178.31531568210363,4.081764324406771
000069,1,462.8,461.72,173.79655209830852,2.776256472302215
000070,1,462.2,458.65999999999997,-34.69515353123425,1.8973665961010366
000071,1,479.9,449.78,-18.799885158652668,2.9789259809535613
000072,1,503.42,441.62,-22.20347853205722,3.1754684693758115
000073,1,522.1400000000001,432.26,-27.050597007086143,3.1663859524700957
000074,1,537.98,425.36,-21.974507991471807,3.687926246551047
000075,1,556.8399999999999,419.14,-18.20848447058082,4.8003749853527085
000076,1,569.54,415.4,-20.6589100633073,3.911521443121611
000077,1,587.4200000000001,412.22,-11.496563017585698,3.6124783736377086
000078,1,602.0,408.74,-18.43494882292218,3.0357865537616426
000079,1,615.56,406.15999999999997,-6.934348901269462,4.472717294889089
000080,1,629.14,402.64,-27.407575437818434,1.8248287590894716
000081,1,641.6600000000001,402.5,-2.9356734464213154,2.3430749027719715
000082,1,653.6600000000001,402.26,-6.170175095029923,2.232935287911379
000083,1,665.84,402.26,0.0,3.1200000000000045
000084,1,677.1800000000001,403.4,9.605204155012814,3.955451933723915
000085,1,688.0,403.65999999999997,-4.763641690725678,2.16748702418258
000086,1,696.9200000000001,405.14,6.009005957494674,2.2925967809451664
000087,1,707.5999999999999,407.36,16.69924423399329,1.8792551716039076
000088,1,717.62,409.58000000000004,16.504361381754645,1.6896153408394483
000089,1,725.48,412.15999999999997,14.036243467925841,1.236931687685283
000090,1,734.0799999999999,415.53999999999996,14.036243467925841,1.236931687685283
000091,1,742.88,418.76,32.735226272106225,0.9985990186256167
000092,1,750.5,413.48,-58.13402230639639,2.6139625092950323
000093,1,757.1600000000001,405.32000000000005,-49.39870535499528,2.765863337187869
000094,1,764.0,398.78,-51.340191745908584,2.3051247254758462
000095,1,771.0799999999999,393.02,-38.157226587368804,2.136539257771784
000096,1,776.06,388.15999999999997,-58.240519915186624,1.4818906842274482
000097,1,782.48,382.88,-61.38954033403375,0.7517978451685036
000098,1,789.3399999999999,378.15999999999997,-68.74949449286625,1.1587924749496954
000099,1,795.56,373.82,0,0
000100,1,800.24,372.74,0,0
000101,1,805.52,369.74,0,0
000102,1,812.0,367.46,0,0
000103,1,815.36,366.86,0,0
000104,1,820.52,366.14,0,0
000105,1,827.84,365.54,0,0
000106,1,829.84,365.8,0,0
000107,1,835.28,366.98,0,0
000108,1,839.24,368.3,0,0
000109,1,838.16,366.5,0,0
000110,1,831.2,363.74,0,0
000111,1,826.52,363.26,0,0
000112,1,821.24,362.3,0,0
000113,1,816.68,361.58,0,0
000114,1,813.2,362.66,0,0
000115,1,804.68,364.58,0,0
000116,1,798.8,366.02,0,0
000117,1,794.48,368.9,0,0
000118,1,787.76,371.54,0,0
000119,1,779.48,375.74,0,0
000120,1,771.56,380.9,0,0
000121,1,764.6600000000001,386.53999999999996,111.25050550713375,1.1587924749496954
000122,1,755.18,395.06,133.95837332399,2.333838040653215
000123,1,746.06,402.26,142.81529354676627,2.1840329667841134
000124,1,736.8199999999999,410.12,136.7899106082453,2.716615541441206
000125,1,729.1600000000001,418.6,152.70042778866716,4.186263250202946
000126,1,718.28,430.1,128.29016319224323,2.904892424858457
000127,1,708.68,442.22,137.29061004263835,4.246033443109011
000128,1,696.88,454.6,131.3477772196935,3.996198193283202
000129,1,685.8199999999999,469.7,137.95077910900645,4.1208251600862615
000130,1,676.3,483.46000000000004,130.07289005235106,4.93971659106067
000131,1,660.2,502.03999999999996,120.21132238583486,5.484997721056935
000132,1,649.06,519.34,128.3455749539936,5.12569995220164
000133,1,635.72,539.9000000000001,124.04593735660168,5.358507254823864
000134,1,623.0799999999999,561.04,126.2538377374445,6.696387085585794
000135,1,608.96,584.1800000000001,121.60750224624894,7.326882010787346
000136,1,596.02,606.4000000000001,132.3804512046052,6.49803047084269
000137,1,578.42,633.02,120.89464223566475,8.53034583120754
000138,1,564.1,660.28,119.89890183861452,8.305395836442699
000139,1,548.72,690.44,117.98923849532385,9.716480844420975
000140,1,534.94,714.8199999999999,115.42687416958906,4.05255474978439
000141,0,0,0,0,0
000142,0,0,0,0,0
000143,1,1138.065,300.6,10.86549483963859,5.941517062165221
000144,1,1160.82,307.61,17.004176876155537,6.838976531616374
000145,1,1182.615,314.455,7.3170072323247295,6.4777503811122115
000146,1,1148.9,315.875,178.57989968683196,14.324399638379315
000147,1,1103.455,315.58,-179.6961807733266,11.315159079747781
000148,1,1061.7350000000001,316.04,178.65474949374797,7.667113211633254
000149,1,1020.5899999999999,318.335,173.97934382316362,9.009696165798246
000150,1,985.15,320.82500000000005,176.47253194962585,9.508013725274076
000151,1,950.565,323.76,173.65388130888383,5.3377078413866075
000152,1,918.0799999999999,326.305,178.81075664738938,8.431816233766016
000153,1,889.265,329.83000000000004,164.90537325677678,6.105663354624115
000154,1,857.0699999999999,335.975,160.62640005477505,5.501520244441534
000155,1,829.7349999999999,340.62,168.7004528402603,5.409863676655824
000156,1,807.56,332.555,-152.71010678369558,4.242160416580243
000157,1,789.065,326.0,-154.88150450949658,2.214413014773939
000158,1,768.125,317.16999999999996,-168.4420353978232,2.9447113610674904
000159,1,750.865,311.32500000000005,-165.35438787361755,5.359127727531785
000160,1,729.94,305.075,-157.31347332576993,1.9834628809231396
000161,1,714.425,300.135,-164.2020720931601,4.536347649816989
000162,1,696.565,296.895,-175.6994517826013,3.133823543213624
000163,1,680.595,292.47,-156.99254173442839,2.5585200800462924
000164,1,664.1,290.31,-168.55240373631437,4.081188552370498
000165,1,648.76,288.405,178.48910842051637,4.36151636475207
000166,1,633.795,287.46500000000003,-154.76448100536456,2.216540096637104
000167,1,619.525,286.755,179.84802216143626,1.8850066312880613
000168,1,605.495,286.16499999999996,-176.5088285706458,1.8885046994910977
000169,1,592.06,286.64,180.0,1.7700000000000387
000170,1,579.8,288.11,170.61262317697864,2.5136626663098225
000171,1,566.9,290.22,162.84757825978824,3.390811112403647
000172,1,554.63,292.355,175.16341655426393,0.6523227728662945
000173,1,540.185,295.07,175.84035770628714,0.827178940737723
000174,1,530.815,297.6,160.87020809337665,1.4341983823724993
000175,1,519.7950000000001,300.96000000000004,153.57401597583302,0.921262720400635
000176,1,507.78,305.25,158.14280106729493,1.9070920271449951
000177,1,499.52,308.45,0,0
000178,1,487.02,304.78999999999996,-158.2823562134899,1.270157470552378
000179,1,477.12,300.08000000000004,-150.89952258845648,1.2131364309095696
000180,1,466.92,296.01,-145.49147701233235,1.3591541487263255
000181,1,456.19500000000005,290.94,-156.21796957677927,1.6118700319814727
000182,1,447.71,287.46000000000004,-152.22037927497826,1.265898890117222
000183,1,437.64,284.55999999999995,-165.15777294208888,2.0690335908341364
000184,1,427.43,282.1,-145.49147701233136,1.3591541487263414
000185,1,419.65,279.505,-161.72736173301362,0.5581442465886441
000186,1,411.75,277.975,-155.5892601605081,0.7138101988623888
000187,1,401.2,276.26,0,0
000188,1,396.78,276.44,-20.6375469846889,0.8228000972289853
000189,1,416.35,273.08,-1.7400960796466878,3.951822364428864
000190,1,441.985,269.19000000000005,-8.7180657687852,3.100826502724715
000191,1,464.565,267.895,3.872073832081254,5.257000095111283
000192,1,487.2,266.89,-5.925935820018008,3.97122147455917
000193,1,513.56,267.0,1.0050860052542145,3.42052627529743
000194,1,535.53,266.245,-2.4555225679452017,5.48503646295995
000195,1,559.64,266.95000000000005,8.362470985483096,4.881905365735842
000196,1,584.1600000000001,269.07,1.355859976106713,5.071419919509716
000197,1,608.265,272.66999999999996,10.248736040369375,3.653289613485386
000198,1,630.255,276.025,4.780396475172834,4.2598180712326235
000199,1,658.255,280.275,5.639575130126119,3.6124852940877403
000200,1,680.5899999999999,284.93,17.91713822579084,5.948487202642386
000201,1,704.585,291.35,12.679083796249689,5.376097562358778
000202,1,729.575,297.545,10.248184294066569,4.974359255220753
000203,1,752.6800000000001,304.26,21.35317000685745,6.646239538265232
000204,1,773.78,311.57,19.08668242367998,3.058120337723799
000205,1,802.605,321.06,19.499803516380492,2.126999059708291
000206,1,823.47,329.96000000000004,23.378836177832376,6.678278221218398
000207,1,845.9449999999999,332.015,-19.21788099796158,3.934240714547063
000208,1,871.51,326.42499999999995,-9.27404347061036,4.002314955122894
000209,1,895.62,322.12,-10.75238118002,5.038462066940709
000210,1,916.78,318.70000000000005,-6.145035567800368,5.511669438563982
000211,1,942.54,314.92999999999995,-14.826479970355605,5.97907183432348
000212,1,964.11,310.69,-9.81057450731259,6.220972592770358
000213,1,986.63,308.74,-8.83742172270024,5.7280013966478425
000214,1,1013.75,306.67,0.0,5.539999999999964
000215,1,1037.025,306.74,-4.1160226809532166,7.384045300511105
000216,1,1058.89,304.79,-1.7140753791166796,4.0117951094242
000217,1,1083.5900000000001,306.385,-1.5886199474664275,6.312426237192855
000218,1,1109.1100000000001,307.68,6.977852855278971,7.243652393647775
000219,1,1132.645,309.615,-1.2854456780736894,5.126290081530697
000220,1,1159.63,312.635,-3.0154725306360484,5.6077647061908955
000221,1,1180.32,316.70000000000005,6.031196420952476,6.757403347440523
000222,1,1167.0549999999998,310.92499999999995,-159.93206117480506,7.212922431303394
000223,1,1123.91,296.6,-162.59527862470875,8.090414080873757
000224,1,1087.08,285.44500000000005,-163.64029116159202,9.213013893401037
000225,1,1049.2849999999999,276.44,-163.8341042923584,5.7108077362138605
000226,1,1011.22,268.59000000000003,-163.95197877534343,7.668852586925893
000227,1,978.9649999999999,260.465,-166.4907925649973,9.096683461569908
000228,1,947.02,254.275,-164.80622192793822,6.963406134931413
000229,1,915.9549999999999,248.97,-177.1771185792921,8.325102101475991
000230,1,886.365,244.96499999999997,-169.31429013065946,6.660499230538163
000231,1,857.435,242.65499999999997,-177.40495659972026,5.1903227259969125
000232,1,830.135,240.95499999999998,-177.6324269595854,7.141095854278941
000233,1,804.6700000000001,240.25,-175.45001466951305,6.681055305863015
000234,1,778.145,238.95,-179.0438309796395,3.5955006605478737
000235,1,755.5150000000001,239.07,176.34872205535783,6.438068421506573
000236,1,732.9449999999999,239.765,179.47611304195848,6.015251449440873
000237,1,712.185,241.78,169.91602521685155,3.712347639971265
000238,1,690.67,245.2,171.05144218415543,4.950252518811526
000239,1,670.45,247.68,165.96375653207338,4.617878300691744
000240,1,651.24,251.39,0,0
000241,1,633.085,254.86499999999998,160.32418140194727,4.380781893680623
000242,1,616.58,260.525,159.8049424511133,4.272671880685423
000243,1,600.7950000000001,265.04999999999995,155.15893277945403,3.6419671882102462
000244,1,584.28,270.255,149.34192438316532,3.6967046135713915
000245,1,570.19,276.38,142.41937104288087,2.902223285689781
000246,1,556.52,283.34000000000003,143.41947251759763,1.9800252523642345
000247,1,541.1949999999999,290.41,147.4911213873463,1.749064035420057
000248,1,528.635,296.775,148.40814521249146,3.598256522261866
000249,1,517.38,300.25,-149.6811037992432,1.9809341230843909
000250,1,506.59000000000003,291.175,-129.97499360240505,2.3814963783302217
000251,1,497.33500000000004,283.75,-145.9981217862677,3.057830113004958
000252,1,486.66999999999996,277.5,-131.82016988013612,2.2945587811167387
000253,1,477.82500000000005,270.665,-140.446619978688,3.0543493578829395
000254,1,468.58500000000004,264.875,-142.5024741625382,3.195191700039288
000255,1,458.96500000000003,259.11,-146.7624070123698,1.4048220527881727
000256,1,449.29499999999996,254.45499999999998,-130.15259260943182,2.0082952970118715
000257,1,440.63,250.86,-147.8329474142242,1.8783237207680712
000258,1,431.45500000000004,246.45499999999998,-162.63476507636227,1.524483519097545
000259,1,424.13,243.55,-144.63753811293086,1.5205262246998699
000260,1,416.28999999999996,241.195,-167.21478489976758,1.3330510117771026
000261,1,407.685,238.83499999999998,-176.1859251657101,0.8268313008104982
000262,1,401.495,237.655,-168.81462337218625,0.9021363533302423
000263,1,392.24,236.535,-173.8081657151575,1.0662199585451433
000264,1,384.575,235.47,180.0,0.8249999999999886
000265,1,386.16999999999996,235.945,1.7198526286754245,3.831726112341551
000266,1,405.265,234.29500000000002,-4.251864018283875,4.788178150403351
000267,1,425.31,233.53,0.8445940454195955,4.07044223641608
000268,1,444.94,233.06,0.767308315089721,4.480401767698982
000269,1,464.15,234.0,4.734902796874901,4.96695077487186
000270,1,486.265,235.46,1.6908972629504133,4.066770831999263
000271,1,505.41499999999996,236.71,0.6336602047719014,5.425331787089138
000272,1,526.63,239.60000000000002,3.066485501125816,4.486423965699203
000273,1,546.79,243.84500000000003,5.686554632716174,2.3716713515999777
000274,1,567.89,246.85,6.572489126010086,4.630431945294112
000275,1,585.69,250.445,7.149932972472777,2.852178991578178
000276,1,610.105,257.79999999999995,7.335254843486706,3.2112808970876423
000277,1,630.96,266.185,4.792378182263089,4.967366002218872
000278,1,653.95,273.14,19.616137736248575,6.136122554186834
000279,1,672.16,279.745,30.065221774203003,3.882347872100086
000280,1,694.225,289.275,27.96338787381463,5.406186271300663
000281,1,714.25,297.835,22.984311241843837,5.442033167851875
000282,1,733.405,306.67499999999995,28.602724310333,2.9557148035627727
000283,1,756.51,318.70500000000004,8.105793581955641,1.6666508332580996
000284,1,774.6099999999999,312.395,-30.683456893476155,4.73256008942305
000285,1,794.355,306.675,-28.806123779701004,2.6875732548156015
000286,1,812.2750000000001,300.255,-16.96522936217234,5.05498269037589
000287,1,832.7950000000001,295.40999999999997,-17.4952357628823,5.688121394625835
000288,1,852.475,290.055,-22.304836732133747,4.966613534391438
000289,1,871.065,286.42499999999995,-13.01348581132764,4.551906194112531
000290,1,891.02,282.57,-10.905998605707387,5.2854611908517475
000291,1,912.065,279.45000000000005,-8.746162262555304,3.8801191991999224
000292,1,933.12,276.31,-6.838604931043851,5.458836872448153
000293,1,953.03,275.735,-3.4105630369607463,4.958782612698391
000294,1,953.03,275.025,-2.9835644541534014,5.667682506986456
000295,1,993.475,273.3,0.0,4.715000000000032
000296,1,1015.5699999999999,273.905,-1.0853750356776621,6.071089276233707
000297,1,1035.435,274.905,4.090552242061996,4.135535031891278
000298,1,1056.005,276.97,2.681160664786061,5.13061643469866
000299,1,1075.585,279.135,-3.0785753763490784,5.492927270590806
000300,1,1098.15,282.45,13.4372639583427,5.336075336799454
000301,1,1118.4850000000001,286.225,15.977159829098527,6.194275583149375
000302,1,1135.99,288.405,10.592124672277606,3.83535200470568
000303,1,1151.8449999999998,288.525,-4.25186401828373,4.788178150403322
000304,1,1169.945,291.53,-1.9003609613421677,5.427985353701638
000305,1,1181.85,293.71,0,0
000306,1,1141.655,281.33,-164.30565752485765,7.837182210463217
000307,1,1105.99,271.725,-163.65933473088035,10.254210110973858
000308,1,1067.205,261.94,-163.25424946168002,10.030360163025069
000309,1,1029.4299999999998,252.265,-171.78486001749,6.193555118023893
000310,1,996.71,246.025,-166.9372271384271,9.136422987143305
000311,1,967.885,241.9,-171.95494822095003,7.145321896177991
000312,1,932.28,236.47500000000002,-169.58639743682804,6.83254162080264
000313,1,901.75,233.1,-173.6983912647651,8.199542670173724
000314,1,873.94,230.46,-178.99491399474587,5.700877125495678
000315,1,844.6400000000001,229.41000000000003,-179.497418333279,5.7002192940271925
000316,1,820.24,228.51,179.60756929065917,7.300171230868447
000317,1,796.3,228.05,175.6676860168115,3.309456148674594
000318,1,767.0899999999999,229.11,176.0353452771438,5.062114182829158
000319,1,743.69,230.91,176.57612875506936,5.860460732741036
000320,1,721.59,232.06,163.3498945013971,5.584129296497371
000321,1,698.05,236.0,166.17134902771966,3.347013594235915
000322,1,678.0899999999999,240.11,172.81573260757312,5.997082624076465
000323,1,658.24,243.11,160.3461759419466,5.203124061561455
000324,1,637.24,248.86,159.86369657175175,3.1953090617340942
000325,1,619.89,252.61,168.69006752597969,4.334166586553868
000326,1,601.55,260.35,160.7960264945001,4.7122181613333485
000327,1,583.8399999999999,266.31,147.9946167919163,1.4150971698084809
000328,1,568.8399999999999,270.76,161.11391263029063,4.016217125604655
000329,1,555.69,276.76,146.30993247401855,0.5408326913195952
000330,1,536.99,285.71000000000004,157.44275336529444,3.5192328709535525
000331,1,522.3499999999999,292.9,146.30993247402031,4.146383966783569
000332,1,510.19,300.06,150.8657078027741,3.491776052383662
000333,1,496.53999999999996,303.21,-142.00126755749525,2.030394050424691
000334,1,484.84000000000003,296.15999999999997,-140.01311375503585,4.045985664828773
000335,1,474.94,287.01,-150.14098383507664,3.1132780152116153
000336,1,462.49,278.71000000000004,-141.9810574068297,3.4907019351414155
000337,1,452.25,273.15,-147.40741852740064,3.620082871979609
000338,1,441.69,266.01,-147.22512267573566,4.341082814229626
000339,1,430.53999999999996,260.46,-150.94539590092262,2.059126028197385
000340,1,421.53999999999996,256.31,-147.82878287145553,3.6623080154459866
000341,1,411.44,250.70999999999998,-139.26789330029106,2.375394704043947
000342,1,401.55,246.75,-135.0,0.6363961030678768
000343,1,392.24,243.36,-168.36636600105956,3.471310991541962
000344,1,384.14,241.76,-167.47119229084882,1.8439088914585866
000345,1,392.09000000000003,238.41000000000003,-7.2243156940454165,3.578407467016561
000346,1,409.19,236.66,-1.070824454786898,5.350934497823744
000347,1,427.14,235.41000000000003,-0.7742201649280207,3.7003378224156664
000348,1,447.19,235.16,0.0,4.75
000349,1,466.35,234.75,0.6160599083993695,4.650268809434574
000350,1,485.04,235.16,1.6365770416166252,3.501428280002319
000351,1,504.89,236.96,5.885987833028274,4.875705077217032
000352,1,525.49,239.41000000000003,6.340191745909819,4.980461825975624
000353,1,543.05,243.05,13.465208094811796,3.650342449688809
000354,1,565.74,247.06,8.471144633014616,4.751841748206732
000355,1,584.09,251.46,11.618524352794529,5.4619135840838995
000356,1,603.94,256.51,6.48307369289727,2.2141589825484416
000357,1,626.45,263.8,25.301378625419915,3.041792234851031
000358,1,643.49,269.76,23.28606491822319,4.300290687848941
000359,1,662.44,277.71000000000004,14.44403572449209,3.407711842277757
000360,1,686.29,286.51,19.840698083968476,5.156064390598673
000361,1,704.6400000000001,296.01,21.540975918538482,6.128009464744638
000362,1,721.5999999999999,303.65,44.193070544897445,2.5104780421266466
000363,1,745.34,316.71000000000004,24.962789830807093,3.1988279103446393
000364,1,764.05,327.05,34.21570213243752,4.534864937349298
000365,1,781.39,338.61,39.28940686250063,2.1319005605327632
000366,1,804.49,330.76,-21.41296947487211,2.739069184960425
000367,1,822.9,323.85,-14.826479970355544,5.275651618520713
000368,1,839.79,317.86,-13.828650972280343,3.347013594235915
000369,1,863.19,311.36,-21.583969241769665,4.8931073971455135
000370,1,881.8,306.4,-15.25511870305787,4.5607017003965895
000371,1,901.8199999999999,301.88,-14.854698929615308,5.772936860905364
000372,1,921.64,298.40999999999997,-20.788245689030237,5.77602804702329
000373,1,942.54,294.06,-8.275892827075317,5.557877292636103
000374,1,963.5999999999999,291.95000000000005,-9.963804189907295,3.756660751252357
000375,1,985.8399999999999,289.71,-3.4064437549947284,4.207433897282274
000376,1,1007.19,288.76,-3.613880752003781,4.7594642555649065
000377,1,1027.34,288.56,1.1017061152066276,5.200961449578326
000378,1,1051.9,287.55,0.49391689861886234,5.800215513237485
000379,1,1071.3400000000001,289.81,3.1108406534907562,4.606788469205007
000380,1,1093.69,292.36,8.383248480929216,4.801301906774868
000381,1,1118.75,294.5,6.39049531464688,6.289077833832237
000382,1,1140.3400000000001,297.51,9.462322208025617,6.386900656813199
000383,1,1162.9499999999998,302.5,5.545317308862064,5.1742149162940425
000384,1,1185.69,307.81,14.83993916191296,6.051859218455127
000385,1,1207.75,313.0,13.897176315015482,4.996248592694232
000386,1,1228.09,319.06,12.528807709151511,2.3048861143232218
000387,1,1180.79,312.06,-169.17976311910897,14.915176834352296
000388,1,1122.35,301.8,-173.4693168925698,14.946989663474067
000389,1,1069.69,294.11,-172.3493490446406,10.140266268693297
000390,1,1013.0,287.85,-174.6441749571449,11.249111075991783
000391,1,966.55,281.95,-170.7810738618925,9.674967700204494
000392,1,921.8900000000001,278.40999999999997,-179.6396539366129,7.950157231149571
000393,1,880.0,277.4,-176.95522155580602,9.413288479590943
000394,1,842.09,276.06,179.4183369424945,9.850507601134089
000395,1,804.8399999999999,276.26,178.18169703554827,6.3031738037277805
000396,1,770.05,277.6,175.93847732268947,8.471274992585226
000397,1,738.09,280.11,175.75154547063866,8.77410964143941
000398,1,709.15,283.1,175.49781050795906,6.369654621720104
000399,1,680.09,286.06,175.26906137622058,7.274785220197228
000400,1,653.89,290.51,167.34744349944202,7.532927717693855
000401,1,629.9,295.8,167.69198418257218,5.629387178015025
000402,1,604.34,300.46000000000004,166.70142966950587,5.651548460377913
000403,1,583.69,306.36,158.19859051364818,4.038873605350878
000404,1,563.9000000000001,312.9,155.55604521958355,3.624913792078382
000405,1,543.04,315.36,-144.68878656036736,2.94108823397057
000406,1,527.8,307.75,-160.34617594194683,5.2031240615615095
000407,1,512.19,299.46000000000004,-152.31893843151494,3.444198019858912
000408,1,494.89,292.11,-154.65382405805337,3.153569406244288
000409,1,480.3,286.3,-154.09349200048575,3.891015291668739
000410,1,465.76,279.76,-156.50143432404803,3.009584688956256
000411,1,451.70000000000005,274.28,-168.340707346477,3.859637288658095
000412,1,438.79999999999995,270.44,-156.6822916132449,3.7895118419131415
000413,1,425.36,266.17999999999995,-162.34987578006974,2.770415131347635
000414,1,411.68,262.82000000000005,-167.1957339347133,2.70732340144282
000415,1,401.18,260.53999999999996,-166.65127288671266,3.6382963045909484
000416,1,387.74,258.98,180.0,1.3799999999999955
000417,1,376.82,257.53999999999996,-173.08877288097594,1.994492416631375
000418,1,365.38,257.38,-176.6335393365701,3.065289545866755
000419,1,354.98,257.06,180.0,1.9799999999999898
000420,1,350.36,255.8,-15.610988533679617,4.236271945944937
000421,1,366.98,251.60000000000002,-16.78264414527071,3.9481641303269055
000422,1,383.24,247.46,-9.782407031807145,3.5313453526949354
000423,1,398.65999999999997,244.16,-12.030596096537899,3.742191871083039
000424,1,415.70000000000005,240.55,-5.839492311517478,4.422951503238539
000425,1,434.19,238.45,-8.310277167524108,4.497221364353759
000426,1,449.49,237.05,-6.469819985173148,4.881085944746307
000427,1,467.03999999999996,235.85,-4.879273783006655,4.114911906711971
000428,1,485.28999999999996,235.8,-1.7098140441416794,3.351492204973773
000429,1,502.8,236.0,4.537772507906643,6.3198101237299955
000430,1,519.3900000000001,236.55,0.5672664098579009,5.050247518686596
000431,1,539.05,237.5,0.0,2.349999999999966
000432,1,557.74,240.64999999999998,7.4605661261682314,4.235858826731644
000433,1,572.6400000000001,242.9,0.0,2.8000000000000114
000434,1,594.55,246.05,10.375844920050884,3.6090164865237275
000435,1,611.8399999999999,250.6,18.03428556712988,4.522167621838018
000436,1,627.89,255.5,13.495733280796305,1.2854960132182467
000437,1,649.75,262.35,20.432828679399357,2.721212964837519
000438,1,665.74,268.6,35.36246188706907,3.801315561749671
000439,1,684.49,275.85,25.34617594194642,3.153569406244314
000440,1,704.19,284.8,20.265697470947327,3.4644624402639974
000441,1,721.05,291.95,25.34617594194669,5.25594901040716
000442,1,738.24,300.5,30.25643716352938,4.1677331968349725
000443,1,757.6400000000001,308.05,21.250505507133532,2.8969811873741884
000444,1,775.5999999999999,319.4,21.571307191254743,4.623851208678774
000445,1,792.45,329.9,22.833654177918078,3.0923292192132203
000446,1,808.04,337.0,-23.962488974578072,2.9546573405388163
000447,1,826.69,328.0,-29.51149855709,3.0450779957170524
000448,1,844.24,320.6,-23.498565675951994,5.015974481593802
000449,1,861.5,315.15,-35.16643603579203,2.6911893281596053
000450,1,881.1400000000001,308.35,-16.808691626207008,5.014229751417475
000451,1,898.19,303.35,-20.492594769870276,5.284411036246127
000452,1,916.8,296.9,-15.642246457208788,5.1923019942988695
000453,1,935.29,292.4,-10.856413348062404,3.716517186829663
000454,1,952.09,288.95000000000005,-20.05609473657565,3.3533565274214236
000455,1,970.65,285.25,-10.244087446458686,4.217226576791886
000456,1,988.04,282.8,-19.983106521899742,3.5114099732158945
000457,1,1005.99,280.45,-7.733598099023106,4.087175063537118
000458,1,1023.6,278.54999999999995,2.385944030388888,3.603123644839317
000459,1,1040.3400000000001,277.85,3.0447784441940287,4.706644239795415
000460,1,1056.9,278.4,-1.5074357587748553,3.8013155617497105
000461,1,1076.44,278.55,10.73889710090574,2.951694428629068
000462,1,1093.2,280.20000000000005,-1.273030020056639,4.50111097397076
000463,1,1108.09,282.15,6.146625659646571,3.26879182573623
000464,1,1126.54,285.35,10.619655276155134,4.0697051490249265
000465,1,1142.0,288.45,9.893920669735515,4.364916952245438
000466,1,1157.74,293.1,17.592424562181748,4.301162633521221
000467,1,1172.8400000000001,297.8,15.124007308310834,3.832753579347294
000468,1,1189.29,303.25,4.993743985823288,5.16962281022511
000469,1,1160.75,296.85,-165.6997225508144,13.157697366940766
000470,1,1110.3600000000001,285.28999999999996,-166.8947310097811,9.702705808175304
000471,1,1067.4499999999998,276.25,-171.0273733851037,12.502999640086394
000472,1,1025.0,268.75,-170.921242134011,9.823059604827861
000473,1,980.1099999999999,261.24,-168.76555599285803,7.442613788179535
000474,1,944.0,256.4,-175.27986306895642,10.93709284956471
000475,1,908.46,252.74,-177.38424512457811,9.860273829868992
000476,1,868.45,249.95,-177.1170365474604,6.958807369082711
000477,1,837.1099999999999,248.33999999999997,-179.62795471279674,7.700162335951095
000478,1,806.71,247.44,176.96443087494447,6.609273787641086
000479,1,773.66,247.59,174.5164095555356,6.27873394881484
000480,1,746.65,247.89999999999998,177.45519562018694,6.756663377733124
000481,1,719.81,250.58999999999997,171.86989764584402,5.656854249492346
000482,1,688.06,253.99,166.8835638746086,5.2879580179876955
000483,1,668.71,256.89,168.99645914825047,7.334848328356889
000484,1,646.21,260.64,162.8380811971347,3.558440669731653
000485,1,619.2,266.15,155.62353138332492,3.513189434118231
000486,1,600.3599999999999,269.79,160.18284748038107,5.8993643725404965
000487,1,581.31,276.04,162.6459753637387,4.190763653560053
000488,1,558.85,281.75,160.11483488614425,2.498999799919989
000489,1,541.81,287.53999999999996,157.67134362198084,3.0269621735330747
000490,1,525.6099999999999,295.09000000000003,159.77514056883192,4.04969134626333
000491,1,509.90999999999997,301.49,153.43494882292222,3.577708763999676
000492,1,493.7,304.75,-142.79207807821817,3.390058996536784
000493,1,482.71,296.28999999999996,-143.746162262555,3.720215047547665
000494,1,468.46000000000004,286.94,-143.65254179111494,3.2901367752724178
000495,1,456.8,280.45000000000005,-140.34305575857522,4.9358383279844285
000496,1,444.26,273.53999999999996,-149.7967622450571,3.8762094886628646
000497,1,433.35,267.6,-149.53445508053997,2.958462438497388
000498,1,421.86,261.78999999999996,-153.78862198216856,3.6224991373359887
000499,1,411.36,257.94,-150.1240073083101,2.7101660465735367
000500,1,399.6,252.95,-160.34617594194665,2.2299103120977706
000501,1,389.65999999999997,249.58999999999997,-166.9447527762035,3.5415392133929724
000502,1,379.56,246.79,-160.9743939624312,1.533786165017786
000503,1,387.51,243.84,-5.128191041852748,3.915673632978116
000504,1,410.56,240.09,-8.194263334630262,6.314467515159137
000505,1,433.36,236.89,-8.059103902870925,5.706356105256669
000506,1,458.15,235.4,-5.0572485325591305,5.672080746956981
000507,1,482.56,234.94,-9.71325102494015,5.630719314616926
000508,1,506.90999999999997,234.54,-2.7702157972003025,3.1036269105676935
000509,1,533.21,235.09,0.0,7.199999999999989
000510,1,557.9,236.35,1.884050231091797,7.604110730387896
000511,1,580.46,238.54,10.980650010173747,3.4124771061502783
000512,1,608.4,242.7,16.11341823308926,4.684015371452147
000513,1,634.81,247.09,7.305759533310815,7.863841300535011
000514,1,660.26,252.64,20.462271523422082,3.5756118357562463
000515,1,686.31,259.78999999999996,15.395549253995062,7.156814934033189
000516,1,713.76,267.14,16.741970385293122,6.422227028064307
000517,1,739.0,274.2,16.821409890041135,4.4922154890432004
000518,1,768.1600000000001,285.19,23.962488974578125,5.416871790987843
000519,1,791.6600000000001,294.34000000000003,25.594029245998822,6.597347952018283
000520,1,816.96,303.78999999999996,34.33021719550329,2.4824383174612943
000521,1,850.3499999999999,316.85,29.219246690484788,3.380088756231107
000522,1,871.1600000000001,327.53999999999996,26.33308572578,5.5231331687729535
000523,1,895.4100000000001,339.99,13.32453126189083,3.9051248379533394
000524,1,926.2,345.04999999999995,-19.558251536997307,4.032679010285851
000525,1,951.41,339.09000000000003,-10.669782804496576,7.021395872616758
000526,1,981.16,332.24,-13.455842978923659,8.38003579944618
000527,1,1008.75,325.65,-10.007979801441104,6.041936775571266
000528,1,1036.51,321.53999999999996,-5.770936221574389,9.447883360838116
000529,1,1064.21,316.84000000000003,-13.37133196989203,6.269968101992252
000530,1,1098.3600000000001,311.54,-6.632514615138533,6.493458246573941
000531,1,1124.15,308.70000000000005,-2.6476296652922677,8.659243615928565
000532,1,1155.1599999999999,307.64,-3.5165474963355523,8.966883516584723
000533,1,1188.7,305.3,-1.5275254422128401,7.502666192761077
000534,1,1217.01,304.84000000000003,0.9045950337327217,9.50118413672738
000535,1,1220.8,299.95000000000005,-178.85423716182487,7.501499850029993
000536,1,1165.4099999999999,291.09000000000003,-169.4389893088036,12.003332870498998
000537,1,1113.15,282.6,-170.50235364138632,13.332760404357362
000538,1,1062.4,276.15,-171.1381355936024,9.41235889668479
000539,1,1007.75,270.7,-173.72892255049885,13.732170258192962
000540,1,963.8499999999999,266.45,-177.24991482508756,11.46320199595208
000541,1,921.35,264.75,179.60486295749243,7.250172411743048
000542,1,878.31,263.94,178.7212886929502,11.202789831109023
000543,1,839.5,263.9,177.79740183823415,10.407689465006127
000544,1,802.61,264.49,175.91438322002512,7.0178344238090995
000545,1,767.45,267.15,177.15338308418382,9.061180938487004
000546,1,735.81,269.34000000000003,176.89664067825652,8.312189843837796
000547,1,703.41,273.44,173.8844964337146,7.0400639201643616
000548,1,676.45,277.15,171.22494425552028,7.53823586789375
000549,1,648.76,282.53999999999996,166.30412349559094,6.1241325916410885
000550,1,623.26,287.49,165.06858282186246,3.881043674065006
000551,1,599.96,293.28999999999996,164.94878000740906,6.161371600544788
000552,1,577.26,300.24,162.27676338311363,5.091659847240412
000553,1,558.41,305.59000000000003,159.22774531795415,3.101612483854141
000554,1,532.5,314.6,154.798876354526,1.8788294228056275
000555,1,517.96,313.09000000000003,-146.64597424848318,4.728900506460237
000556,1,500.20000000000005,303.55,-136.8476102659947,3.2897568299192
000557,1,483.66,295.59,-160.55996517182382,4.5069390943299865
000558,1,466.26,288.28999999999996,-151.15733986458778,3.9385911186615883
000559,1,450.95,281.35,-161.0033458445118,3.2256782232578676
000560,1,435.11,273.84000000000003,-157.21759426951866,2.711549372591243
000561,1,421.85,269.35,-158.629377730657,3.704726710568554
000562,1,407.26,264.69,-151.04900479253294,2.6856098003991575
000563,1,394.46000000000004,260.19,-168.53046966713333,3.520298282816401
000564,1,381.06,257.69,-159.32557523912595,2.8324018076536883
000565,1,367.11,254.59,-164.05460409907727,2.1840329667841485
000566,1,355.11,252.64,-174.12260739335673,3.4179672321425265
000567,1,353.65999999999997,250.69,-9.235559093165914,6.230770417853644
000568,1,353.61,250.70999999999998,170.65760598838986,6.283343059232071
000569,1,401.6,245.85,-1.210294168921266,7.101584330274472
000570,1,426.81,243.78,-7.125016348901798,6.046693311223912
000571,1,452.46000000000004,242.43,-1.259045207175201,4.551098768429426
000572,1,476.81,242.93,0.0,7.5
000573,1,502.56,243.82999999999998,1.6483445048961607,6.952877102322451
000574,1,528.51,244.78,1.9978798564767715,4.3026154836331365
000575,1,575.2,249.2,0.8814039965822129,6.500769185258004
000576,1,601.01,252.93,16.144338780283586,3.9560080889704516
000577,1,628.7,258.5,14.036243467926367,7.009279563550031
000578,1,648.6,262.9,10.175510843043508,3.9623225512317704
000579,1,674.26,269.23,12.835609486401376,4.051234379790976
000580,1,700.21,277.33000000000004,17.850318302216788,6.198386886924728
000581,1,722.6099999999999,284.58000000000004,23.27894919800257,4.681078935459226
000582,1,747.71,293.63,22.036226940145372,4.531004303683662
000583,1,771.45,301.55,20.96571184055765,5.7293106042524595
000584,1,791.21,310.33,18.43494882292201,4.743416490252569
000585,1,816.46,319.48,21.370622269343166,3.704726710568528
000586,1,838.76,330.43,22.95408653762861,4.615463140357644
000587,1,859.51,325.98,-18.296218393034138,6.530122510336272
000588,1,879.25,319.05,-14.198554023863393,4.28077095860078
000589,1,900.21,312.93,-21.037511025421818,6.96419413859206
000590,1,922.71,306.63,-12.994616791916414,5.33666562565052
000591,1,944.46,300.23,-12.362492415713945,3.7366428783067054
000592,1,966.21,295.03,-13.781597235653424,5.457105459856908
000593,1,985.7,292.0,-10.980650010173656,6.824954212300613
000594,1,1006.71,288.33000000000004,-10.40771131249005,4.981967482832495
000595,1,1027.11,285.38,-7.125016348901865,6.046693311223856
000596,1,1048.8600000000001,282.58000000000004,-7.1934700552956325,5.1908573472982065
000597,1,1071.3,279.9,-11.309932474020213,2.5495097567963922
000598,1,1089.71,279.58,2.650689683421833,5.405783939448538
000599,1,1108.6100000000001,280.33,2.8155566842113244,6.107372593841011
000600,1,1131.1100000000001,281.03,-1.005086005254136,5.700877125495621
000601,1,1151.51,281.38,4.763641690725978,5.4187175604566225
000602,1,1168.8600000000001,283.17999999999995,7.957525226917251,4.695210325427371
000603,1,1190.3,285.29999999999995,-1.3639275316028263,4.201190307520046
000604,1,1166.5,280.04999999999995,-163.30075576600632,5.742168579900804
000605,1,1137.21,273.42999999999995,-169.04593735660163,12.630122723077534
000606,1,1098.86,267.38,-173.2731159509988,9.817586261398468
000607,1,1064.1100000000001,261.18,-173.19574043739155,8.862420662550454
000608,1,1034.0,256.6,-177.13759477388842,6.007495318350235
000609,1,996.36,253.32999999999998,-169.91940201245765,6.855836929215863
000610,1,966.56,250.08,178.17591016762387,7.8539798828364376
000611,1,935.11,250.28,-177.92497363858257,6.904527500126253
000612,1,904.21,248.48000000000002,-179.42706130231656,5.000249993750312
000613,1,876.05,249.1,176.65318135825981,8.564607404896046
000614,1,851.06,249.23000000000002,171.17025533209105,5.211765535785387
000615,1,820.41,251.98000000000002,170.02228737984936,5.482928049865306
000616,1,794.755,255.045,171.70203939704706,7.240804513312002
000617,1,769.23,257.64,169.95797636447054,6.824551267299585
000618,1,743.7,262.865,169.13090498337252,3.9508764850346783
000619,1,722.65,265.55,162.41172520093954,6.420124609382597
000620,1,699.955,271.825,167.2680398578548,4.741587286974694
000621,1,677.26,276.605,161.59242612937308,3.309323949086866
000622,1,659.1949999999999,282.87,161.04468414900882,5.048784507185891
000623,1,637.845,289.59000000000003,154.3939138924624,4.1417779998450035
000624,1,618.435,296.755,158.18536739375503,4.0230896087459564
000625,1,601.75,302.54999999999995,159.50740523012993,5.28441103624618
000626,1,583.8,310.05,157.96377305985465,4.531004303683662
000627,1,566.9,310.05,-153.434948822922,3.3541019662496847
000628,1,553.35,302.1,-160.88027367006907,3.968941924493221
000629,1,539.75,294.55,-153.14557865948169,4.427471061452617
000630,1,525.35,287.25,-151.64503821467594,3.579455265819063
000631,1,512.05,280.45,-155.50142580856607,4.340794858087624
000632,1,499.1,275.45,-160.14478563067877,3.827531841800926
000633,1,484.65,269.45000000000005,-159.3701200538739,4.541200281863814
000634,1,471.35,264.55,-155.61362889819875,4.1173413752080315
000635,1,460.35,260.4,-150.7086378290154,2.3505318547086196
000636,1,446.79999999999995,257.05,-179.0759546472271,3.1004031995854935
000637,1,435.8,253.95,-166.86597769360364,3.080584360149873
000638,1,425.70000000000005,251.95,-167.27564431457756,3.1780497164141357
000639,1,412.35,250.05,-157.45693899994203,2.869233347080723
000640,1,401.35,248.85,-171.51105611949527,3.3871079108879836
000641,1,392.55,248.2,176.9872124958168,0.9513148795220109
000642,1,412.20000000000005,245.95,-7.1250163489017515,4.434241761564207
000643,1,433.35,243.45,-3.3997141591232385,5.058903043150741
000644,1,454.25,242.14999999999998,-3.8568009855898158,4.460100895719726
000645,1,479.54999999999995,240.4,-2.950779109006354,4.856439024635226
000646,1,502.0,240.75,-3.6265717838795144,7.114246270688154
000647,1,522.2,241.35000000000002,-2.602562202499823,4.404543109109083
000648,1,546.35,242.7,2.090159153710678,6.854560525664669
000649,1,569.8,244.95,0.9877603996398923,5.800862004909282
000650,1,592.5,246.64999999999998,5.710593137499679,4.522444029504401
000651,1,616.4000000000001,251.2,12.470461721668828,5.325645500782028
000652,1,640.3,256.29999999999995,16.364918169880838,6.566010965571114
000653,1,662.05,262.1,11.056412980248203,4.432268042436028
000654,1,687.05,267.9,18.768060066843262,5.439209501388998
000655,1,709.8,275.4,20.30447370996038,5.331275644721438
000656,1,729.95,282.5,15.48850144290927,4.306390600026922
000657,1,754.3499999999999,291.79999999999995,23.385221057213762,6.046693311223925
000658,1,777.8,300.6,21.20281864380963,6.221133337262603
000659,1,799.05,310.0,26.92767785104058,3.533058165385943
000660,1,824.4,322.45000000000005,21.801409486351893,3.769615364994155
000661,1,845.7,333.15,31.476839349583805,5.745432968889319
000662,1,865.05,344.2,-9.019322431381589,3.189435686763446
000663,1,887.05,335.85,-18.62786317645509,4.696008943773414
000664,1,910.5999999999999,327.0,-25.489200556286782,4.763664555780575
000665,1,928.5,322.35,-20.556045219583467,5.1264022471904696
000666,1,950.45,315.7,-19.983106521900137,5.267114959823824
000667,1,973.25,310.6,-12.131321066632509,5.472202481633904
000668,1,994.0999999999999,306.29999999999995,-7.943471810590316,4.341658669218492
000669,1,1016.5,301.25,-18.43494882292167,6.008327554319957
000670,1,1038.95,297.2,-8.37867250621541,6.5195858764188825
000671,1,1059.25,294.4,-6.290670773355248,6.38846616959023
000672,1,1084.9,292.29999999999995,-10.508022140232576,6.30575134302005
000673,1,1105.05,290.8,-0.3558698306219614,8.050155278005466
000674,1,1125.9,290.79999999999995,-5.194428907734906,4.418144406874882
000675,1,1153.1,291.05,2.161079488226221,5.303772242470515
000676,1,1175.0,292.25,0.9093804491993549,6.300793600809301
000677,1,1193.5,293.04999999999995,5.128191041852637,3.9156736329782014
000678,1,1215.6,295.05,3.3664606634299137,5.1088159097779435
000679,1,1239.25,298.5,6.188615963241312,4.174326292948449
000680,1,1260.0,300.95,9.462322208025366,4.257933771208797
000681,1,1206.95,290.5,-166.7902897858295,15.972632844963238
000682,1,1153.25,280.4,-167.49479994485367,13.162256645423597
000683,1,1099.65,271.15,-165.36427100016053,8.113260750154668
000684,1,1047.1999999999998,262.55,-168.01603062799532,10.83616629625074
000685,1,1000.0999999999999,256.85,-173.23382517744693,11.88276062201037
000686,1,958.25,252.25,-173.1856471105904,8.006559810555386
000687,1,915.8499999999999,248.95,-176.96729738382308,7.5605886014251675
000688,1,876.75,246.95,179.35985033047643,8.95055864178325
000689,1,839.3,245.64999999999998,-178.2642954110716,6.6030296076876365
000690,1,806.0,245.7,178.19126067750796,9.504735661763561
000691,1,773.5,246.6,177.64209402928313,8.507202830543068
000692,1,742.55,248.0,179.50178838738626,5.750217387195026
000693,1,713.9,250.65,168.55066201149998,8.060397012554631
000694,1,687.05,253.55,172.56859202882748,5.798706752371601
000695,1,660.4,257.35,172.8749836510982,4.031128874149275
000696,1,638.0,260.9,163.08789316820898,7.734500630292796
000697,1,614.85,266.35,169.13147465983116,6.364157446198203
000698,1,592.6,271.85,163.3007557660064,5.220153254455275
000699,1,572.25,277.79999999999995,157.42042743597358,5.4692321216053275
000700,1,554.6500000000001,283.95000000000005,159.55045238920746,3.14841229828622
000701,1,536.1,292.0,150.16446089973843,3.919502519453177
000702,1,518.6,298.45000000000005,157.69379494509232,4.215447781671575
000703,1,502.54999999999995,305.1,156.8014094863517,4.188675208225146
000704,1,488.15,299.4,-144.21102654081704,2.650471656139709
000705,1,475.45,291.25,-148.67130713219547,4.03887360535088
000706,1,462.65,283.6,-145.2651404602138,4.563167759353141
000707,1,449.9,275.65,-150.8025139539355,3.894868418830097
000708,1,437.9,268.85,-144.78240703180728,4.16173040933697
000709,1,426.7,262.6,-154.0412307384395,4.22640509180084
000710,1,413.95,256.9,-155.13630342824788,2.2594247055390184
000711,1,403.4,251.5,-153.43494882292174,2.5714781741247457
000712,1,394.1,248.55,-165.96375653207338,2.886173937932347
000713,1,381.85,243.7,-151.85839876773852,2.438237068047323
000714,1,381.5,242.14999999999998,-2.7927023657133074,4.104875150354782
000715,1,401.1,240.5,-11.944177188446599,2.6575364531836594
000716,1,425.04999999999995,238.60000000000002,-0.9093804491990881,3.1503968004046783
000717,1,446.95,238.15,0.0,7.050000000000011
000718,1,470.85,238.9,-3.447386851865193,4.157523301197487
000719,1,495.29999999999995,239.89999999999998,5.839492311517478,4.422951503238539
000720,1,517.8,241.85000000000002,8.190861376463412,6.668020695828705
000721,1,541.55,243.95,5.3145456699448355,6.477846864506745
000722,1,567.5999999999999,249.2,16.144338780283434,5.934012133455731
000723,1,591.8499999999999,253.4,9.554289672401682,5.121035051627757
000724,1,617.3499999999999,260.25,16.36107745534656,5.680008802810075
000725,1,645.7,266.95000000000005,14.57421619803886,2.5831182706178994
000726,1,671.1,274.85,22.6198649480403,3.9000000000000212
000727,1,698.0999999999999,284.7,23.763822019328035,7.32068985820324
000728,1,725.45,293.70000000000005,21.801409486351872,5.115906566777781
000729,1,755.5,305.0,20.869347794833942,8.561687917694739
000730,1,784.75,316.4,24.171444209793048,6.960244248587851
000731,1,813.9,329.1,35.83765295427806,4.440720662234918
000732,1,842.75,343.55,29.82342241226086,9.048342389631394
000733,1,872.85,358.9,28.375521856035068,7.785403008194273
000734,1,903.0999999999999,362.4,-19.583993770248178,5.519284373902097
000735,1,941.2,354.75,-7.640406761026922,8.273451516749214
000736,1,972.05,348.65,-7.572948640543408,8.726110244547716
000737,1,1005.5999999999999,345.55,-11.560130794217823,8.98220462915426
000738,1,1044.65,340.04999999999995,-10.247864111110212,8.993469853176826
000739,1,1082.15,335.95000000000005,-2.0771747651627845,9.65634506425695
000740,1,1119.2,334.4,0.33703010985769266,8.500147057551416
000741,1,1161.25,332.85,-1.8550852534947027,12.356476034857097
000742,1,1201.3,331.95000000000005,-3.321475763346058,11.218845751680563
000743,1,1243.45,332.5,-1.9556813975230136,10.255973868921469
000744,1,1275.3,333.4,-8.530765609948451,3.033562262423505
000745,0,0,0,0,0
000746,1,1265.17,319.005,14.2407106432695,10.874153990081219
000747,1,1212.555,306.255,-164.84415375943198,16.198408872478797
000748,1,1160.025,294.385,-165.58518432289787,15.967681422172754
000749,1,1106.63,282.58,-169.04420437676094,10.470840462923777
000750,1,1061.785,277.27,-171.07238184364854,12.24332573282279
000751,1,1017.0350000000001,268.925,-172.76088322116146,10.276918312412525
000752,1,976.77,264.35,-176.4868408928948,8.485947207000553
000753,1,940.3050000000001,258.955,-175.15032518364112,10.231629879936035
000754,1,900.7349999999999,256.4,-173.86463255941473,9.730736097541655
000755,1,866.865,253.25,180.0,7.605000000000018
000756,1,836.28,254.41500000000002,175.7389143471566,8.14250729198323
000757,1,803.7,253.5,174.80557109226513,8.836288813749821
000758,1,776.28,255.22,175.0062560141767,5.16962281022511
000759,1,750.38,257.91999999999996,172.49265333305044,6.505766672729708
000760,1,729.05,260.55,169.9920201985587,4.315669125408017
000761,1,702.48,262.67,170.64702074990691,4.307261310856353
000762,1,681.53,265.27,168.50343698241403,6.020797289396129
000763,1,662.38,269.07000000000005,168.5034369824145,3.010398644698117
000764,1,638.75,274.55,160.40771810894856,3.131293662370282
000765,1,621.98,279.92,161.09542415738824,3.858108344772064
000766,1,601.3,287.15,158.3440109615778,3.6582099447680987
000767,1,586.9300000000001,293.37,153.43494882292273,2.0124611797498106
000768,1,573.88,297.62,160.08359400619116,3.6694686263817973
000769,1,561.13,303.37,148.24051991518726,2.469817807045719
000770,1,543.9300000000001,312.87,158.55226367289433,3.008321791298284
000771,1,533.2,317.4,160.01689347810031,2.3409399821439085
000772,1,521.8299999999999,309.32,-139.53777250790668,2.234390297150417
000773,1,508.83,300.42,-133.8308606720923,1.7327723451163377
000774,1,498.93,292.07000000000005,-143.13010235415615,3.5000000000000058
000775,1,487.65,284.35,-143.5836214801138,3.7901187316494314
000776,1,477.67999999999995,277.97,-138.36646066342928,1.8062391868188514
000777,1,469.08000000000004,271.32,-149.6763931374499,3.070016286601761
000778,1,460.28,265.62,-144.7275785514016,2.5109759058979235
000779,1,450.03,260.17,-153.434948822922,2.23606797749979
000780,1,442.68,256.92,-156.25050550713283,1.3656500283747708
000781,1,433.83,252.42000000000002,-157.0678995624105,1.4115594213493197
000782,1,424.4,249.55,-136.63657704161662,1.2379418403140046
000783,1,417.58,246.67000000000002,174.5596679689941,1.0547511554864615
000784,1,410.23,245.01999999999998,-165.96375653207417,0.6184658438426415
000785,1,401.28,242.97,-174.55966796899472,1.054751155486432
000786,1,396.23,242.37,180.0,1.0
000787,1,390.28,242.07,162.89727103094756,0.6800735254367785
000788,1,401.68,242.17,-5.147884824136291,5.572477007579316
000789,1,420.23,241.76999999999998,-5.0796078600144625,4.517742799230606
000790,1,439.33,242.67000000000002,-5.0796078600144625,4.517742799230606
000791,1,459.48,244.07,0.0,4.950000000000017
000792,1,479.7,246.55,6.991925346667689,5.33970972993852
000793,1,499.63,249.62,6.654425046006488,3.0203476621077905
000794,1,524.73,254.22,14.995079129175929,2.89870660812716
000795,1,543.88,260.17,14.38139459109055,6.039246641759241
000796,1,565.88,266.02,18.047821068771086,4.680277769534673
000797,1,588.9300000000001,273.37,19.536654938128958,3.289376840679681
000798,1,610.95,281.8,14.178064414706775,4.899234634103573
000799,1,633.18,290.47,32.86867893336743,3.8694314827891674
000800,1,658.9300000000001,301.97,34.38034472384473,4.604345773288541
000801,1,680.38,311.27,32.1522951412822,6.201007982578307
000802,1,703.4000000000001,321.9,22.036226940145706,4.531004303683672
000803,1,731.0799999999999,337.12,30.718904264029405,4.013103537164219
000804,1,752.98,346.72,5.659481840162294,5.5771856702103895
000805,1,774.23,340.57000000000005,-21.801409486351893,3.769615364994155
000806,1,799.85,332.95,-6.604835496754107,4.781736086402094
000807,1,822.9300000000001,328.52,-14.29032508181763,5.469232121605382
000808,1,846.23,323.32,-15.871178611456822,5.30212221662234
000809,1,876.38,317.41999999999996,-14.656751115760331,3.3593154064481636
000810,1,898.88,315.82,-7.266954405811561,7.510326224605737
000811,1,921.45,313.4,-4.619923481660474,4.966135318333552
000812,1,952.13,311.02,-3.678238721993526,7.014449372545219
000813,1,978.28,310.07000000000005,-4.543757651467104,7.573803535872855
000814,1,1008.8299999999999,308.97,-0.7848246029918424,7.300684899377603
000815,1,1037.2,309.20000000000005,4.037710620977085,8.521150157109075
000816,1,1066.73,310.07,1.1691393279073579,9.80204060387423
000817,1,1095.33,311.42,6.857072334099207,7.95691523141975
000818,1,1128.6,313.85,7.202495381476577,9.172377009259947
000819,1,1158.68,318.22,9.825277042148302,9.083226299063607
000820,1,1188.13,322.17,4.0282636664851275,7.117583859709721
000821,1,1184.4299999999998,320.42,17.976592364921686,9.882433910732702
000822,1,1149.48,305.82,-159.11101950255082,11.07813161142248
000823,1,1107.83,294.16999999999996,-164.2328174575243,8.832326986700618
000824,1,1067.8,283.29999999999995,-162.13990592932092,9.455686120002081
000825,1,1030.38,273.97,-164.90284484180933,11.13429387074013
000826,1,996.5799999999999,264.62,-167.79088024150363,8.74785688040221
000827,1,961.25,258.35,-168.69006752597983,9.433186100146651
000828,1,925.0799999999999,252.87,-169.83087166550936,11.327952153853792
000829,1,894.0,248.1,-176.0817511359326,7.317103251970641
000830,1,861.53,245.57,-172.07307331731042,7.9762146410436845
000831,1,828.6800000000001,243.62,-175.97173633351488,10.676375789564581
000832,1,800.5799999999999,242.72,-179.5341909172349,6.150203248674016
000833,1,770.5,242.5,178.09084756700355,9.004998611882181
000834,1,739.23,244.17000000000002,178.430645195251,7.302739212103918
000835,1,713.28,246.02,172.01988625483153,5.402314318882255
000836,1,684.9000000000001,248.10000000000002,168.4248111826038,8.472307831990065
000837,1,660.28,252.17000000000002,170.2529098608926,8.269371197376474
000838,1,637.28,256.37,152.90444750624778,2.415056935146648
000839,1,612.68,262.41999999999996,167.22875743509863,3.8451267859460745
000840,1,587.9300000000001,269.02,166.38581725517088,6.585020880756597
000841,1,567.63,275.07,153.94650468950917,5.0089919145472726
000842,1,545.3299999999999,282.42,156.09794958898945,4.812743500333283
000843,1,526.23,290.77,157.8905516562483,6.907966415668194
000844,1,435.8,337.1,156.50143432404803,2.507987240796901
000845,1,509.5,342.75,11.45875234587715,3.7752483362025506
000846,1,528.53,342.81,-48.45661917204191,5.277546778570504
000847,1,548.88,322.06,-47.489552921998914,5.6975872086349035
000848,1,569.9300000000001,304.46000000000004,-50.6306827576354,5.044799302251772
000849,1,588.88,290.81,-21.614778942786625,2.850438562747828
000850,1,609.6800000000001,281.15999999999997,-14.845452082083632,4.293308747341643
000851,1,626.95,276.65,-0.7848246029916132,3.6503424496888295
000852,1,647.23,274.96000000000004,-2.862405226111991,4.004996878900158
000853,1,663.78,279.61,6.340191745909733,4.0749233121618476
000854,1,680.55,286.1,34.47221388003652,4.063557554655735
000855,1,699.3299999999999,285.15999999999997,-59.42077312751096,2.555386467836148
000856,1,716.38,268.76,-49.93921554212571,2.874456470360968
000857,1,733.7,257.0,-34.777831366364126,4.382921400162197
000858,1,752.4300000000001,247.71,-27.51200262385112,2.706011825546992
000859,1,769.98,243.26,-23.574706201912665,3.000416637735501
000860,1,787.3299999999999,241.01,10.234802763423177,3.658209944768034
000861,1,802.8,243.2,0,0
000862,1,796.48,241.51,166.32869286780425,1.903943276466
000863,1,786.98,242.11,156.161259816828,2.350531854708612
000864,1,778.73,244.96,0,0
000865,1,770.78,250.26,130.4622274920931,2.2343902971504277
000866,1,763.63,259.51,125.09581678702529,2.2610838109189717
000867,1,757.23,268.96,117.47443162627734,2.8178005607210794
000868,1,751.38,281.81,117.03086025984308,2.7504545078950033
000869,1,746.6,298.75,107.10272896905236,3.400367627183861
000870,1,740.5799999999999,317.36,110.07152586453854,2.7681221071332724
000871,1,736.9,339.65,98.24632081446849,3.4860436027106885
000872,1,735.33,346.21000000000004,110.32313682966303,1.4396180048887917
000873,1,734.23,339.06,0,0
000874,1,734.03,338.16,0,0
000875,1,734.23,337.66,0,0
000876,1,734.33,341.66,0,0
000877,1,735.23,349.36,0,0
000878,1,737.23,357.86,0,0
000879,1,714.23,323.40999999999997,-129.70655774696962,11.113617772804679
000880,1,688.65,291.29999999999995,-133.19883948427784,5.624277731406952
000881,1,663.23,268.76,-151.69924423399348,5.905929224093356
000882,1,635.0,256.9,-160.70995378081128,8.475848040166836
000883,1,617.1800000000001,254.26,-174.21760767763607,3.970201506221051
000884,0,0,0,0,0
000885,0,0,0,0,0
000886,0,0,0,0,0
000887,1,531.95,231.55,-133.5121324711722,5.4465585464584905
000888,1,513.95,210.78,-135.69027719786504,5.869412236331663
000889,1,496.15,198.95,-150.19524852681988,5.935065290289574
000890,1,479.15,191.03,-148.9283419391538,4.5532955098477865
000891,1,461.25,188.07999999999998,-172.23483398157452,4.440720662234882
000892,1,444.70000000000005,189.68,162.81429385577522,5.076662289339319
000893,1,427.5,196.48000000000002,151.4887537058913,4.608958667638506
000894,1,422.75,202.32999999999998,-15.04280074605379,8.283869868606095
000895,1,464.25,192.13,-4.660545482580338,9.23052002868743
000896,1,508.35,191.98000000000002,6.604835496754022,9.563472172804186
000897,1,555.1,202.4,20.42233302472348,10.03045362882455
000898,1,602.1,222.93,23.673781580857487,11.082644088844484
000899,1,648.9,250.13,-152.19166297525945,13.397201200250764
000900,0,0,0,0,0
000901,1,745.1800000000001,329.98,45.74892178282377,12.98358964231386
000902,1,792.23,377.68,50.38931175997337,9.03433450786496
000903,1,842.02,440.5,55.73889710090536,15.02757465461413
000904,1,887.9200000000001,506.26,59.79376356502063,14.78790045949726
000905,1,929.62,573.16,60.66333822121562,17.757263302660164
000906,1,974.02,627.7,-19.191284815747892,11.499043438477852
000907,1,1025.21,611.92,-16.12021085659201,10.8048322522841
000908,1,1079.56,603.1,-4.7115309461014565,10.957025143714834
000909,1,1136.0900000000001,601.78,0.9290393194220893,11.101459363525162
000910,1,1190.44,607.66,8.625183178170525,10.802166449374816
000911,1,1243.73,620.02,18.066492297584123,11.801864259514273
000912,0,0,0,0,0
000913,0,0,0,0,0
000914,1,852.65,400.75,0,0
000915,1,856.73,397.44,0,0
000916,1,860.1,393.8,0,0
000917,1,865.76,391.56,0,0
000918,1,869.53,390.73,0,0
000919,1,871.89,391.08,0,0
000920,1,874.36,394.98,0,0
000921,1,876.96,396.74,0,0
000922,0,0,0,0,0
000923,0,0,0,0,0
000924,0,0,0,0,0
000925,0,0,0,0,0
000926,1,891.92,435.73,0,0
000927,1,894.87,446.525,67.39674252381738,1.326923132664427
000928,1,888.04,454.17,0,0
000929,0,0,0,0,0
000930,1,825.12,449.29,0,0
000931,1,802.0,451.8,177.510447078001,4.604345773288558
000932,1,778.3900000000001,453.77,179.27477570094098,3.9503164430207245
000933,1,757.7,442.85,-148.51253063578582,4.690682253148265
000934,1,739.54,431.97,-151.44860812704013,3.8707234465924083
000935,1,720.69,422.27,-153.7413404451928,4.181506905411012
000936,1,703.25,414.45000000000005,-162.3777027713318,4.459260028300658
000937,1,686.25,408.1,-158.19859051364844,3.500357124637421
000938,1,669.64,403.67,-169.6111421845302,3.050000000000002
000939,1,652.44,399.27,178.898293884794,2.600480724789134
000940,1,637.94,398.12,173.8844964337144,2.8160255680657573
000941,1,622.5899999999999,397.77,178.83086067209297,2.4505101509685576
000942,1,607.95,398.75,170.7538872544363,2.178302091079234
000943,1,594.59,401.47,173.36748538486148,2.1644860821913134
000944,1,580.19,404.72,148.3924977537506,2.2896506283710614
000945,1,566.34,409.42,154.35899417569493,2.7730849247724048
000946,1,556.05,403.8,-142.92692668268978,2.820017730440708
000947,1,545.39,396.22,-157.45693899994205,2.869233347080691
000948,1,534.75,390.5,-156.66595872328944,2.7771388153997303
000949,1,524.84,386.07,-178.49256424122467,1.9006577808747989
000950,1,516.04,383.87,-171.11934084947956,1.619413474070131
000951,1,506.53999999999996,381.62,-167.9052429229875,1.4317821063276432
000952,1,496.64,381.72,-175.60129464500474,1.3038404810405406
000953,1,487.53999999999996,381.87,175.48601154199943,1.9059118552545957
000954,1,480.78999999999996,383.87,167.00538320808394,2.001249609618964
000955,1,503.28999999999996,381.12,-7.352379359892627,4.688549882426344
000956,1,526.3199999999999,380.16,-0.8031592518102768,4.280420540087183
000957,1,549.54,379.32,2.2906100426384,5.003998401278721
000958,1,573.49,379.67,-0.6295986084104164,4.550274716981337
000959,1,594.45,379.9,5.0240752585396065,4.567548576643723
000960,1,615.94,382.27,1.867678839434257,4.6024450023872845
000961,1,637.8,385.15,11.441043868767379,4.285148772213153
000962,1,657.0699999999999,388.56,7.39662604355774,4.971368020977732
000963,1,678.19,392.82,15.732004785107254,3.688156721182016
000964,1,697.69,399.12,15.321510074864658,3.784507894033285
000965,1,717.3,405.65,17.715792706377176,3.779219496139351
000966,1,734.89,410.72,-22.68055960702486,3.63077126792644
000967,1,751.2,404.9,-17.241459398939888,3.03644529013783
000968,1,764.24,398.77,-17.818888914523686,1.4705441169852578
000969,1,780.29,395.27,-18.43494882292182,2.6879360111431314
000970,1,795.1,393.35,-6.881723630636892,2.921044333795683
000971,1,807.49,392.27,-5.194428907735073,1.656804152578067
000972,1,822.69,392.02,2.0095538130210486,2.8517538463198053
000973,1,836.05,394.25,-1.3322198538699204,2.1505813167606913
000974,1,848.99,395.67,11.725112015165411,2.7064737205448517
000975,1,851.94,397.22,-175.85537625889575,6.918092222571225
000976,1,820.94,387.72,-169.11447294534125,5.295280917949479
000977,1,793.29,382.07,-170.92850242282293,6.025363059600628
000978,1,764.45,378.20000000000005,-170.46676720997007,6.641724173736827
000979,1,736.8,377.35,179.4791436254982,5.500227268031749
000980,1,709.1,377.79999999999995,-178.83086067209263,4.901020301937115
000981,1,681.2,380.54999999999995,168.00310069207652,4.089315346118466
000982,1,653.84,385.12,168.4861688155127,5.510898293381924
000983,1,630.9,390.2,165.06858282186258,4.657252408878004
000984,1,606.19,398.42,147.78345394142448,4.314220671222127
000985,1,583.0,408.1,152.72323661688662,4.320416646574749
000986,1,558.46,419.18,155.89776549883868,4.995517991159686
000987,1,537.8199999999999,431.53999999999996,140.19442890773482,5.623379766652782
000988,1,513.22,429.56,-164.33183957824752,5.109872796851196
000989,1,487.6,424.1,-172.94769399215886,5.864366973510462
000990,1,463.24,420.14,-172.1466866980218,5.2694212205896
000991,1,439.12,418.65999999999997,-176.8891593465094,5.528146163045962
000992,1,415.9,418.88,176.6725957582733,5.168713573027622
000993,1,391.6,421.03999999999996,174.03551289874707,4.0418807503438385
000994,1,368.5,424.03999999999996,171.76438067579053,4.607515599539519
000995,1,346.0,429.5,171.51105611949492,4.064529493065573
000996,1,325.72,436.28,158.02549200852764,3.6879262465510316
000997,1,305.5,444.4,164.64986350757553,3.1732002773225676
000998,1,282.58000000000004,455.06,155.55604521958338,4.349896550494058
000999,1,264.15,466.5,147.48808576894862,5.395600059307557
001000,1,241.45,481.74,141.95295746817354,1.4603081866510201
001001,1,270.19,473.05499999999995,-14.754326649891487,6.773339279853042
001002,1,302.73,464.345,-17.404342261315414,7.472089734471868
001003,1,334.02,457.03999999999996,-19.294321066566724,6.325266792792222
001004,1,366.34000000000003,448.6,-12.875001559612489,6.46247630556583
001005,1,395.73,442.08000000000004,-6.801314823981593,6.586349520030037
001006,1,424.11,437.34000000000003,-8.130102354156017,5.9396969619669955
001007,1,451.78,432.15999999999997,-10.512627169921428,5.919358073304932
001008,1,479.07,428.22,-7.495857639729786,4.599304295216833
001009,1,505.65,426.48,-0.7252242990592825,4.740379731624864
001010,1,528.81,424.98,-6.869992308214248,5.016014354046408
001011,1,553.8299999999999,424.56,0.8680514497455799,3.9604545193701997
001012,1,577.53,424.56,3.8140748342904987,4.509988913511873
001013,1,600.9300000000001,426.48,5.630682757635031,4.280654155616919
001014,1,622.8399999999999,427.54,2.526116911619661,4.083968658057977
001015,1,644.9100000000001,431.58000000000004,11.633633998940526,4.165573189850333
001016,1,665.9100000000001,435.9,8.615648184164076,4.005196624386851
001017,1,686.79,440.76,24.05734945001165,3.6796195455508838
001018,1,706.53,446.64,13.298570330494256,3.390929076226761
001019,1,725.8,453.82,18.666914274220225,4.68653390044284
001020,1,745.05,461.58,13.869686438505031,5.0059564520678315
001021,1,763.23,464.52,-14.500166766552582,3.594495792180057
001022,1,779.79,458.34000000000003,-18.43494882292218,3.0357865537616426
001023,1,795.39,453.78,-17.10272896905248,3.2643529220965135
001024,1,810.88,450.28,-5.906141113770229,3.498571136907197
001025,1,797.01,445.505,-167.8141137242862,5.7086272430419225
001026,1,773.05,440.25,-170.41705527646766,3.90448460107089
001027,1,748.15,436.39,-171.34745820888546,4.652956049652757
001028,1,725.0999999999999,433.74,-179.3704013915896,4.550274716981394
001029,1,702.6,432.75,-174.75286109838368,4.920619879649287
001030,1,680.5,432.3,180.0,5.2999999999999545
001031,1,659.3,432.59000000000003,176.05481377096262,4.360332556124555
001032,1,638.1,433.8,176.1859251657095,4.509988913511873
001033,1,618.25,436.35,177.76882539196868,3.85292096986172
001034,1,599.0,440.28999999999996,160.88027367006907,3.968941924493221
001035,1,581.55,444.99,164.29136217098412,3.3241540277189228
001036,1,562.3,450.70000000000005,156.61477894278627,4.031128874149262
001037,1,547.3,445.78999999999996,-147.89374404488237,3.01039864469808
001038,1,532.9000000000001,438.78999999999996,-152.31893843151494,3.444198019858912
001039,1,518.55,433.5,-164.6498635075759,2.6443335644354784
001040,1,505.45000000000005,429.09000000000003,-165.9637565320737,2.4738633753706005
001041,1,491.15,426.39,-169.11447294534125,2.6476404589747395
001042,1,477.85,423.94,-168.54124765412286,3.7752483362025506
001043,1,465.25,423.54999999999995,176.87786953788418,2.754087870784083
001044,1,452.95,424.03999999999996,176.82016988013564,2.704163456597981
001045,1,441.05,426.14,171.34745820888546,2.3264780248263786
001046,1,429.0,428.89,165.74996730219613,3.249999999999981
001047,1,439.45000000000005,425.59000000000003,-17.850318302216866,6.198386886924701
001048,1,467.95000000000005,416.79,-17.354024636261308,6.705221845696089
001049,1,496.35,408.44,-15.580923848251448,5.398379386445542
001050,1,521.8499999999999,401.99,-11.944177188446298,5.3150729063673126
001051,1,548.65,396.6,-11.689369175439206,4.442127868488278
001052,1,572.1500000000001,392.03999999999996,-14.972875766786952,4.451123453691226
001053,1,596.8499999999999,389.09000000000003,-9.659893078442156,4.767598976424073
001054,1,619.55,387.09000000000003,-2.792702365713544,4.104875150354725
001055,1,641.0,385.6,-5.710593137499642,5.024937810560445
001056,1,662.75,385.53999999999996,0.6661999701829214,4.300290687848858
001057,1,682.9000000000001,386.59000000000003,1.6135389328810854,3.5514081714159635
001058,1,683.2,386.65,1.867678839434257,4.6024450023872845
001059,1,702.85,388.19,7.125016348901798,4.031128874149275
001060,1,721.7,391.44,13.465208094812013,3.6503424496888126
001061,1,741.4,394.99,10.304846468765808,3.9131189606246526
001062,1,757.8499999999999,398.3,7.2142620392067816,3.9815198103236797
001063,1,775.45,404.74,19.92558065818418,4.254703279900958
001064,1,791.55,410.79,21.03751102542207,2.785677655436792
001065,1,805.7,403.44,-38.51692630710273,3.131293662370219
001066,1,818.5999999999999,396.25,-20.556045219583595,2.9904013108611505
001067,1,829.4,389.84000000000003,-36.253837737443945,0.9300537618869036
001068,1,842.95,384.59000000000003,-20.556045219583318,2.5632011235952934
001069,1,853.85,381.03999999999996,-17.198541220065835,2.1982947936980843
001070,1,865.45,378.49,-15.255118703057715,2.2803508501982637
001071,1,866.5999999999999,377.09,180.0,7.050000000000011
001072,1,818.1,378.99,177.17287542183877,12.164805793764215
001073,1,764.95,385.5,170.93070670010852,10.784827305061528
001074,1,713.9,395.59000000000003,165.43184813084574,9.14398709535399
001075,1,662.7,408.75,165.45616600654427,10.950913203929582
001076,1,614.75,425.55,158.7873801691922,11.745850331074417
001077,1,569.05,444.70000000000005,151.89638251599442,10.82647218626641
001078,1,522.65,462.6,177.6264041977633,9.658286597528548
001079,1,472.25,460.79,180.0,10.699999999999989
001080,1,420.65,461.75,179.23610153907012,11.250999955559505
001081,1,370.2,465.03999999999996,174.26226532994366,10.502618721061891
001082,1,322.0,471.7,171.02737338510354,11.541230437002785
001083,1,274.05,480.94,165.8354347320402,10.829242817482665
001084,1,225.35,493.75,159.90476880809518,10.914439976471536
001085,1,173.10000000000002,510.29999999999995,159.07549825507888,7.280109889280514
001086,1,130.5,528.14,156.44773632710536,10.636023693091325
001087,1,85.1,548.4000000000001,154.60408815082948,10.95901455423798
001088,1,41.3,571.55,151.0735741647464,10.854146673046204
001089,1,3.7,593.59,140.7545653311024,4.5839393538745545
001090,0,0,0,0,0
001091,0,0,0,0,0
001092,0,0,0,0,0
001093,1,599.96,234.64499999999998,3.243292282776318,4.5072192092242425
001094,1,579.3499999999999,236.15,174.13520208661942,3.3274164151786016
001095,1,558.6,239.05,160.5234245010681,4.348850422812929
001096,1,537.01,245.18,162.4464551736601,5.139309292113072
001097,1,517.06,248.83,-135.70731936854443,2.864000698323945
001098,1,500.76,239.63,-148.67130713219584,4.038873605350865
001099,1,486.15,230.85000000000002,-146.59217541029105,2.815137652051843
001100,1,490.61,226.73000000000002,-26.565051177078534,1.3416407864998674
001101,1,500.06,223.57999999999998,-5.5275401516558205,1.5572411502397543
001102,1,508.90999999999997,222.38,1.591140271194512,1.8006943105368933
001103,1,516.46,223.23000000000002,13.49573328079569,1.2854960132182434
001104,1,525.96,227.32999999999998,40.855376258896385,2.4459149617269813
001105,1,534.61,231.82999999999998,34.38034472384513,2.3021728866442475
001106,1,541.56,238.98000000000002,37.092837297041335,2.5700194551792865
001107,1,550.71,246.98000000000002,57.619322293430514,2.427447218787675
001108,1,558.9,257.85,56.74563342528781,3.6472592449673624
001109,1,566.1099999999999,269.28,68.790773865777,3.5933967217661884
001110,1,573.31,283.03,70.55996517182501,1.8027756377319992
001111,1,580.0,286.6,102.99461679191477,1.3341664064126066
001112,1,583.6600000000001,280.92999999999995,-67.75097634278804,1.1884864324004616
001113,1,587.41,276.03,-56.309932474019384,1.0816653826392142
001114,1,591.21,274.13,0,0
001115,1,594.51,274.73,0,0
001116,1,599.01,276.23,0,0
001117,0,0,0,0,0
001118,0,0,0,0,0
001119,1,578.9,247.0,-134.99999999999957,2.6870057685088686
001120,1,565.69,233.375,-133.78925720891607,3.179154761882456
001121,1,556.8,225.5,-143.13010235415564,1.9999999999999658
001122,1,548.35,219.45,-142.35237935989218,2.2102036105300398
001123,1,540.31,215.7,-150.75117366345293,1.4326548781894417
001124,1,533.1099999999999,215.35,165.25643716352909,0.982344135219414
001125,1,527.06,216.75,162.34987578006962,1.1543396380614854
001126,1,522.96,220.45,118.61045966596625,0.6264982043070864
001127,1,517.21,216.10000000000002,-118.67314648943497,3.6472592449673793
001128,1,510.76,200.7,-105.6422464572085,2.5961509971494308
001129,1,506.41,187.60000000000002,-112.61986494804047,1.9499999999999973
001130,1,500.36,176.64999999999998,-122.82854179141259,1.8445866745696693
001131,1,495.6,168.05,-133.99491399474587,2.0155644370746435
001132,1,491.41,162.0,-133.8766972859243,1.8034688796871516
001133,1,487.31,157.35000000000002,-143.74616226255534,0.930053761886912
001134,1,501.56,157.05,0.4275725068333841,6.700186564566679
001135,1,533.06,159.45,10.508022140232356,6.305751343020104
001136,1,566.0999999999999,165.7,11.659292653522954,6.432728814430166
001137,1,601.35,175.55,17.9594760904742,7.621351586168954
001138,1,634.96,190.85,26.88247607083055,8.072329279706068
001139,1,669.65,207.9,32.18510589189086,8.448224665573216
001140,1,702.46,228.60000000000002,32.53506715793498,6.879680225126757
001141,1,737.3499999999999,255.5,36.02737338510351,7.480808779804498
001142,1,769.05,281.45,43.34769532234894,7.356969484781064
001143,1,804.3,293.29999999999995,-3.136358368332627,7.310950690573708
001144,1,838.21,289.45000000000005,-6.972769286026427,7.001785486574109
001145,1,872.45,290.0,3.4946389272531326,6.562202374203354
001146,1,895.41,288.35,34.38034472384487,5.755432216610669
001147,1,846.05,267.0,-161.93469623892503,12.25408095289079
001148,1,789.0,247.89999999999998,-163.7798063043972,11.456002793295749
001149,1,736.05,234.64999999999998,-169.22854583980197,10.433839178365748
001150,1,684.05,224.75,-169.33021719550334,10.53209380892514
001151,1,636.7,220.5,-178.71267105847502,8.90224690738246
001152,1,591.45,220.25,179.06080905426438,9.151229425601821
001153,1,547.25,223.64999999999998,176.8004602904374,8.062567829171998
001154,1,507.09999999999997,228.8,161.34211152588037,8.127115109311537
001155,1,468.55,237.5,169.2451222990498,9.11002195387035
001156,1,429.26,228.95,-144.04466653441065,8.771117374656425
001157,1,395.29999999999995,209.75,-155.19733984658245,7.2706602176143535
001158,1,358.9,191.89999999999998,-160.51387042753427,6.894925670375279
001159,1,324.16,179.3,-161.30101719581884,6.8622153857191055
001160,1,290.65,168.6,-168.18685529986288,7.8155294126501795
001161,1,258.45,161.10000000000002,-171.04520587114877,8.35179621398894
001162,1,245.56,160.3,8.267173335510657,11.822859214250999
001163,1,311.15,170.9,13.240519915187205,13.098186897429736
001164,1,378.4,185.2,17.667640507832303,14.168274418573349
001165,1,445.70000000000005,205.85,16.15537949303116,13.118021954547869
001166,1,510.75,228.2,23.574706201912615,15.002083188677497
001167,1,573.75,255.5,23.535800945779485,12.270798670013289
001168,1,633.25,286.2,29.158891897110298,13.340633418245156
001169,1,696.1500000000001,292.35,-4.6000956662632015,13.092173234417587
001170,1,756.45,288.25,-0.6740368979844031,12.750882322412044
001171,1,818.3,289.35,4.018308993594078,12.129818630136198
001172,1,880.5,293.0,3.6913859864513343,12.425779653607231
001173,1,943.75,304.25,12.929470964943595,13.18427093168221
001174,1,1031.1,327.15,18.770008041531018,13.518968155891251
001175,1,986.55,283.7,-145.65794605649592,29.24846149800023
001176,1,881.5,212.8,-147.1258904444495,27.2662795408541
001177,1,797.0,158.5,-148.507838875273,13.017296186228561
001178,1,704.1500000000001,104.9,-152.33572901809242,19.815208805359593
001179,1,627.9000000000001,64.75,-155.5934852792816,18.99769722887488
001180,1,549.4200000000001,29.31,27.67856887615838,6.673687136808279
